Model,Accuracy,Type,Improvement_vs_Baseline
WeightedEnsemble,0.6919396393080604,ensemble,-0.9060360691939606
MetaEnsemble,0.6893632683106368,individual,-1.163673168936319
ET_Diverse,0.6878910563121089,individual,-1.3108943687891061
RF_Ultra,0.6838424733161576,individual,-1.7157526683842406
ExtraTrees,0.6816341553183658,individual,-1.936584468163416
VotingEnsemble,0.6808980493191019,individual,-2.010195068089804
XGB_Precision,0.6786897313213103,individual,-2.231026867868968
LGB_Conservative,0.6761133603238867,individual,-2.4886639676113265
