{
  "timestamp": "2025-09-28T17:27:14.003604",
  "model_results": {
    "RandomForest_Optimized": {
      "accuracy": 0.6993006993006993,
      "prediction_time": 0.062149763107299805,
      "training_time": 27.39280080795288,
      "val_accuracy": 0.671113155473781
    },
    "ExtraTrees_Optimized": {
      "accuracy": 0.6985645933014354,
      "prediction_time": 0.07133340835571289,
      "training_time": 6.83553147315979,
      "val_accuracy": 0.6770929162833487
    },
    "XGBoost_Optimized": {
      "accuracy": 0.6790577843209422,
      "prediction_time": 0.004003286361694336,
      "training_time": 0.9062950611114502,
      "val_accuracy": 0.6623735050597976
    },
    "LightGBM_Optimized": {
      "accuracy": 0.6676481413323518,
      "prediction_time": 0.011512517929077148,
      "training_time": 0.5881938934326172,
      "val_accuracy": 0.6545538178472861
    },
    "Ensemble_Optimized": {
      "accuracy": 0.7040853882959146,
      "prediction_time": 0.13736867904663086,
      "training_time": 2.961893081665039,
      "val_accuracy": 0
    }
  },
  "training_metrics": {
    "model_performances": {},
    "training_times": {},
    "memory_usage": {
      "RandomForest_Optimized": {
        "process_memory_gb": 0.8026275634765625,
        "system_memory_percent": 80.4,
        "available_memory_gb": 3.067211151123047
      },
      "ExtraTrees_Optimized": {
        "process_memory_gb": 0.8026275634765625,
        "system_memory_percent": 80.4,
        "available_memory_gb": 3.067211151123047
      },
      "XGBoost_Optimized": {
        "process_memory_gb": 0.8026275634765625,
        "system_memory_percent": 80.4,
        "available_memory_gb": 3.067211151123047
      },
      "LightGBM_Optimized": {
        "process_memory_gb": 0.8026275634765625,
        "system_memory_percent": 80.4,
        "available_memory_gb": 3.067211151123047
      }
    },
    "optimization_history": []
  },
  "system_info": {
    "cpu_count": 16,
    "memory_limit_gb": 6.0,
    "gpu_available": true
  }
}