{
  "model_name": "random_forest",
  "description": "Random Forest Classifier",
  "best_params": {
    "max_depth": null,
    "min_samples_leaf": 2,
    "min_samples_split": 5,
    "n_estimators": 100
  },
  "classes": [
    "CANDIDATE",
    "CONFIRMED",
    "FALSE_POSITIVE"
  ],
  "feature_names": [],
  "train_metrics": {
    "accuracy": 0.9758252546324703,
    "precision_macro": 0.9660490304009796,
    "recall_macro": 0.9776060842055267,
    "f1_macro": 0.9715879723342457,
    "precision_weighted": 0.9762853306238254,
    "recall_weighted": 0.9758252546324703,
    "f1_weighted": 0.9759143518496557,
    "auc_roc_macro": 0.9971131853821117,
    "auc_roc_weighted": 0.9964803156132139
  },
  "val_metrics": {
    "accuracy": 0.6610231873389768,
    "precision_macro": 0.6136660152415204,
    "recall_macro": 0.5707054483613377,
    "f1_macro": 0.5843712534483049,
    "precision_weighted": 0.6468711302263359,
    "recall_weighted": 0.6610231873389768,
    "f1_weighted": 0.6464974045005529,
    "auc_roc_macro": 0.7832681397519697,
    "auc_roc_weighted": 0.7757691921510023
  },
  "test_metrics": {
    "accuracy": 0.6823702613176298,
    "precision_macro": 0.6425016156710526,
    "recall_macro": 0.5931837037671697,
    "f1_macro": 0.6095074609296034,
    "precision_weighted": 0.6699541104102761,
    "recall_weighted": 0.6823702613176298,
    "f1_weighted": 0.66839995741205,
    "auc_roc_macro": 0.8043478544849757,
    "auc_roc_weighted": 0.8016910733022867
  },
  "training_time": 42.826094,
  "timestamp": "2025-09-28T00:36:45.697031"
}